{"train/global_step":50,"total_flos":3.60899251617792e+14,"train/loss":0.12130385637283325,"train_loss":0.23166959047317504,"_runtime":95,"train_steps_per_second":2.777,"_wandb":{"runtime":95},"_step":10,"train_samples_per_second":11.11,"train/learning_rate":4.0000000000000003e-07,"train_runtime":18.0023,"train/epoch":3.125,"_timestamp":1.7789667358658373e+09,"train/grad_norm":5.9375}